[{"model": "contenttypes.contenttype", "fields": {"app_label": "admin", "model": "logentry"}}, {"model": "contenttypes.contenttype", "fields": {"app_label": "auth", "model": "permission"}}, {"model": "contenttypes.contenttype", "fields": {"app_label": "auth", "model": "group"}}, {"model": "contenttypes.contenttype", "fields": {"app_label": "contenttypes", "model": "contenttype"}}, {"model": "contenttypes.contenttype", "fields": {"app_label": "sessions", "model": "session"}}, {"model": "contenttypes.contenttype", "fields": {"app_label": "home", "model": "division"}}, {"model": "contenttypes.contenttype", "fields": {"app_label": "home", "model": "district"}}, {"model": "contenttypes.contenttype", "fields": {"app_label": "home", "model": "upazila"}}, {"model": "contenttypes.contenttype", "fields": {"app_label": "home", "model": "union"}}, {"model": "contenttypes.contenttype", "fields": {"app_label": "home", "model": "ward"}}, {"model": "contenttypes.contenttype", "fields": {"app_label": "home", "model": "housh"}}, {"model": "contenttypes.contenttype", "fields": {"app_label": "home", "model": "customuser"}}, {"model": "sessions.session", "pk": "c09r6vgoh8hkt4x5lalwg25ku9q5k088", "fields": {"session_data": ".eJxVjEEOwiAQRe_C2pCBlqG4dO8ZmpkOSNVAUtqV8e7apAvd_vfef6mRtjWPW4vLOIs6K6tOvxvT9IhlB3Kncqt6qmVdZta7og_a9LVKfF4O9-8gU8vfOnTBAkrv2Rh0XoQGh577LjBQIkgAwGgmHIwLkYNNjjp0IBYTooB6fwC_rTcM:1tSF1m:om0_B4qtbRRCuH44r-vjzlut1SVka9QdF8OBzrcs0IE", "expire_date": "2025-01-13T12:37:46.991Z"}}, {"model": "sessions.session", "pk": "ev67a6gz0io42av69yq4qu1m6dqrhs6p", "fields": {"session_data": ".eJxVjEEOwiAUBe_C2hAohYJL956B8PkPqZo2Ke3KeHdt0oVu38y8l4hpW2vcGpY4sjgLo8Xpd6SUH5h2wvc03WaZ52ldRpK7Ig_a5HVmPC-H-3dQU6vf2pHXyINBCASt4HpnMbB2qaAP8OSUHToFFYg7gsnQ1lKxpWPtS4B4fwAUpzio:1v95mQ:W3teZRBvnWdSx6-oW2ClY-4dqjTwfnausdo6ZfnZack", "expire_date": "2025-10-29T17:59:18.502Z"}}, {"model": "sessions.session", "pk": "i25rdbbyq2he89t1s2vqp4fat4attu8x", "fields": {"session_data": ".eJxVjDkOwjAUBe_iGlleYptQ0nMG62_BAeRIcVIh7k4ipYD2zcx7qwzrUvLaZM4jq4tyRp1-RwR6St0JP6DeJ01TXeYR9a7ogzZ9m1he18P9OyjQylZD6h2fLRNBCDEGMQ6QpLdoMUhiSsl33g3edwOId7K5wsGKj8ARjfp8ARwxOLQ:1tVDyY:8gN5tp3p0Rj7xHomyk91pxZ1zOLNHNClDy5gFpLP_RA", "expire_date": "2025-01-21T18:06:46.220Z"}}, {"model": "sessions.session", "pk": "lgubrnpxoe7s3hpujwaaess1o17min18", "fields": {"session_data": ".eJxVjEEOwiAQRe_C2pDCAIJL956BDAMjVUOT0q6Md7dNutDtf-_9t4i4LjWuvcxxzOIiYBCn3zEhPUvbSX5gu0-SprbMY5K7Ig_a5W3K5XU93L-Dir1uNStvAKkocoze6ADWgQIgA-TPA9vkDSvwsBnMDBwM6kwuaZ0xBys-X_6IODY:1tuCY3:Lo0bwV4gCMBOvOuF7mIO_mDOb-RoSjj9ESfrphgK2Ig", "expire_date": "2025-03-31T15:38:39.862Z"}}, {"model": "sessions.session", "pk": "w57rrcy0sq0mr6fhubzevu96zmxusv4j", "fields": {"session_data": ".eJxVjDEOAiEQRe9CbQgwoGBp7xkIwwyyaiBZdivj3XWTLbT9773_EjGtS43r4DlOJM4ClDj8jpjyg9tG6J7arcvc2zJPKDdF7nTIayd-Xnb376CmUb-1Utp4AO2wIFk6HX1gqx0TBgcMPoCxkMAptFSMM5gVZcMFiDiHAuL9AezHOCo:1th5v2:bD0LoXpSMvPAleTHMZ60tTeCH4bp8ysRbv5YzxOksdU", "expire_date": "2025-02-23T11:56:12.041Z"}}, {"model": "home.division", "pk": 1, "fields": {"name": "Chittagong", "floody_districts": "[1]", "dry_food_demand": 2, "primary_food_demand": 28, "dry_food_supply": 4, "primary_food_supply": 0}}, {"model": "home.division", "pk": 2, "fields": {"name": "Dhaka", "floody_districts": "[]", "dry_food_demand": 0, "primary_food_demand": 0, "dry_food_supply": 0, "primary_food_supply": 0}}, {"model": "home.division", "pk": 3, "fields": {"name": "Rajshahi", "floody_districts": "[]", "dry_food_demand": 0, "primary_food_demand": 0, "dry_food_supply": 0, "primary_food_supply": 0}}, {"model": "home.district", "pk": 1, "fields": {"name": "Chittagong", "division": 1, "floody_upazilas": "[1]", "dry_food_demand": 2, "primary_food_demand": 28, "dry_food_supply": 4, "primary_food_supply": 0}}, {"model": "home.district", "pk": 2, "fields": {"name": "Cumilla", "division": 1, "floody_upazilas": "[]", "dry_food_demand": 0, "primary_food_demand": 0, "dry_food_supply": 0, "primary_food_supply": 0}}, {"model": "home.district", "pk": 3, "fields": {"name": "Cox's Bazar", "division": 1, "floody_upazilas": "[]", "dry_food_demand": 0, "primary_food_demand": 0, "dry_food_supply": 0, "primary_food_supply": 0}}, {"model": "home.district", "pk": 4, "fields": {"name": "Dhaka", "division": 2, "floody_upazilas": "[]", "dry_food_demand": 0, "primary_food_demand": 0, "dry_food_supply": 0, "primary_food_supply": 0}}, {"model": "home.district", "pk": 5, "fields": {"name": "Faridpur", "division": 2, "floody_upazilas": "[]", "dry_food_demand": 0, "primary_food_demand": 0, "dry_food_supply": 0, "primary_food_supply": 0}}, {"model": "home.district", "pk": 6, "fields": {"name": "Gazipur", "division": 2, "floody_upazilas": "[]", "dry_food_demand": 0, "primary_food_demand": 0, "dry_food_supply": 0, "primary_food_supply": 0}}, {"model": "home.district", "pk": 7, "fields": {"name": "Rajshahi", "division": 3, "floody_upazilas": "[]", "dry_food_demand": 0, "primary_food_demand": 0, "dry_food_supply": 0, "primary_food_supply": 0}}, {"model": "home.district", "pk": 8, "fields": {"name": "Natore", "division": 3, "floody_upazilas": "[]", "dry_food_demand": 0, "primary_food_demand": 0, "dry_food_supply": 0, "primary_food_supply": 0}}, {"model": "home.district", "pk": 9, "fields": {"name": "Pabna", "division": 3, "floody_upazilas": "[]", "dry_food_demand": 0, "primary_food_demand": 0, "dry_food_supply": 0, "primary_food_supply": 0}}, {"model": "home.upazila", "pk": 1, "fields": {"name": "Anwara", "district": 1, "floody_unions": "[1]", "dry_food_demand": 2, "primary_food_demand": 28, "dry_food_supply": 4, "primary_food_supply": 0}}, {"model": "home.upazila", "pk": 2, "fields": {"name": "Kutubdia", "district": 3, "floody_unions": "[]", "dry_food_demand": 0, "primary_food_demand": 0, "dry_food_supply": 0, "primary_food_supply": 0}}, {"model": "home.upazila", "pk": 3, "fields": {"name": "Banshkhali", "district": 1, "floody_unions": "[]", "dry_food_demand": 0, "primary_food_demand": 0, "dry_food_supply": 0, "primary_food_supply": 0}}, {"model": "home.upazila", "pk": 4, "fields": {"name": "Raozan", "district": 1, "floody_unions": "[]", "dry_food_demand": 0, "primary_food_demand": 0, "dry_food_supply": 0, "primary_food_supply": 0}}, {"model": "home.upazila", "pk": 5, "fields": {"name": "Coxsbazar sadar", "district": 3, "floody_unions": "[]", "dry_food_demand": 0, "primary_food_demand": 0, "dry_food_supply": 0, "primary_food_supply": 0}}, {"model": "home.upazila", "pk": 6, "fields": {"name": "Chakaria", "district": 3, "floody_unions": "[]", "dry_food_demand": 0, "primary_food_demand": 0, "dry_food_supply": 0, "primary_food_supply": 0}}, {"model": "home.upazila", "pk": 7, "fields": {"name": "Chandina", "district": 2, "floody_unions": "[]", "dry_food_demand": 0, "primary_food_demand": 0, "dry_food_supply": 0, "primary_food_supply": 0}}, {"model": "home.upazila", "pk": 8, "fields": {"name": "Chauddagram", "district": 2, "floody_unions": "[]", "dry_food_demand": 0, "primary_food_demand": 0, "dry_food_supply": 0, "primary_food_supply": 0}}, {"model": "home.upazila", "pk": 9, "fields": {"name": "Cumilla Adarsha Sadar", "district": 2, "floody_unions": "[]", "dry_food_demand": 0, "primary_food_demand": 0, "dry_food_supply": 0, "primary_food_supply": 0}}, {"model": "home.upazila", "pk": 10, "fields": {"name": "Sabar", "district": 4, "floody_unions": "[]", "dry_food_demand": 0, "primary_food_demand": 0, "dry_food_supply": 0, "primary_food_supply": 0}}, {"model": "home.upazila", "pk": 11, "fields": {"name": "Dhamray", "district": 4, "floody_unions": "[]", "dry_food_demand": 0, "primary_food_demand": 0, "dry_food_supply": 0, "primary_food_supply": 0}}, {"model": "home.union", "pk": 1, "fields": {"name": "Borumchora", "upazila": 1, "floody_wards": "[2]", "dry_food_demand": 2, "primary_food_demand": 28, "dry_food_supply": 4, "primary_food_supply": 0}}, {"model": "home.union", "pk": 2, "fields": {"name": "Barosot", "upazila": 1, "floody_wards": "[]", "dry_food_demand": 0, "primary_food_demand": 0, "dry_food_supply": 0, "primary_food_supply": 0}}, {"model": "home.union", "pk": 3, "fields": {"name": "Catori", "upazila": 1, "floody_wards": "[]", "dry_food_demand": 0, "primary_food_demand": 0, "dry_food_supply": 0, "primary_food_supply": 0}}, {"model": "home.union", "pk": 4, "fields": {"name": "Sabar", "upazila": 10, "floody_wards": "[]", "dry_food_demand": 0, "primary_food_demand": 0, "dry_food_supply": 0, "primary_food_supply": 0}}, {"model": "home.union", "pk": 5, "fields": {"name": "Biruliya", "upazila": 10, "floody_wards": "[]", "dry_food_demand": 0, "primary_food_demand": 0, "dry_food_supply": 0, "primary_food_supply": 0}}, {"model": "home.ward", "pk": 1, "fields": {"name": "1no", "union": 1, "is_flood": false, "relief_demand": 0, "dry_food_demand": 0, "primary_food_demand": 0, "dry_food_demand_in_percentage": 0, "dry_food_supply": 0, "primary_food_supply": 0}}, {"model": "home.ward", "pk": 2, "fields": {"name": "2no", "union": 1, "is_flood": true, "relief_demand": 30, "dry_food_demand": 2, "primary_food_demand": 28, "dry_food_demand_in_percentage": 20, "dry_food_supply": 4, "primary_food_supply": 0}}, {"model": "home.ward", "pk": 3, "fields": {"name": "3no", "union": 1, "is_flood": false, "relief_demand": 0, "dry_food_demand": 0, "primary_food_demand": 0, "dry_food_demand_in_percentage": 0, "dry_food_supply": 0, "primary_food_supply": 0}}, {"model": "home.ward", "pk": 4, "fields": {"name": "1no", "union": 3, "is_flood": false, "relief_demand": 0, "dry_food_demand": 0, "primary_food_demand": 0, "dry_food_demand_in_percentage": 0, "dry_food_supply": 0, "primary_food_supply": 0}}, {"model": "home.ward", "pk": 5, "fields": {"name": "2no", "union": 3, "is_flood": false, "relief_demand": 0, "dry_food_demand": 0, "primary_food_demand": 0, "dry_food_demand_in_percentage": 0, "dry_food_supply": 0, "primary_food_supply": 0}}, {"model": "home.ward", "pk": 6, "fields": {"name": "3no", "union": 3, "is_flood": false, "relief_demand": 0, "dry_food_demand": 0, "primary_food_demand": 0, "dry_food_demand_in_percentage": 0, "dry_food_supply": 0, "primary_food_supply": 0}}, {"model": "home.ward", "pk": 7, "fields": {"name": "1no", "union": 4, "is_flood": false, "relief_demand": 26, "dry_food_demand": 21, "primary_food_demand": 5, "dry_food_demand_in_percentage": 80, "dry_food_supply": 0, "primary_food_supply": 0}}, {"model": "home.ward", "pk": 8, "fields": {"name": "2no", "union": 4, "is_flood": false, "relief_demand": 0, "dry_food_demand": 0, "primary_food_demand": 0, "dry_food_demand_in_percentage": 0, "dry_food_supply": 0, "primary_food_supply": 0}}, {"model": "home.housh", "pk": 8, "fields": {"holding_number": "chchanbo2n1", "ward": 2, "family_member": 13, "relief_demand": 9, "dry_food_supply": 4, "primary_food_supply": 0}}, {"model": "home.housh", "pk": 9, "fields": {"holding_number": "chchanbo2n2", "ward": 2, "family_member": 15, "relief_demand": 15, "dry_food_supply": 0, "primary_food_supply": 0}}, {"model": "home.housh", "pk": 10, "fields": {"holding_number": "chchanbo2n3", "ward": 2, "family_member": 6, "relief_demand": 6, "dry_food_supply": 0, "primary_food_supply": 0}}, {"model": "home.housh", "pk": 11, "fields": {"holding_number": "dhdhsasa1n1", "ward": 7, "family_member": 6, "relief_demand": 6, "dry_food_supply": 0, "primary_food_supply": 0}}, {"model": "home.housh", "pk": 12, "fields": {"holding_number": "dhdhsasa1n2", "ward": 7, "family_member": 12, "relief_demand": 12, "dry_food_supply": 0, "primary_food_supply": 0}}, {"model": "home.housh", "pk": 13, "fields": {"holding_number": "dhdhsasa1n3", "ward": 7, "family_member": 5, "relief_demand": 5, "dry_food_supply": 0, "primary_food_supply": 0}}, {"model": "home.housh", "pk": 16, "fields": {"holding_number": "dhdhsasa1n4", "ward": 7, "family_member": 10, "relief_demand": 10, "dry_food_supply": 0, "primary_food_supply": 0}}, {"model": "auth.permission", "fields": {"name": "Can add log entry", "content_type": ["admin", "logentry"], "codename": "add_logentry"}}, {"model": "auth.permission", "fields": {"name": "Can change log entry", "content_type": ["admin", "logentry"], "codename": "change_logentry"}}, {"model": "auth.permission", "fields": {"name": "Can delete log entry", "content_type": ["admin", "logentry"], "codename": "delete_logentry"}}, {"model": "auth.permission", "fields": {"name": "Can view log entry", "content_type": ["admin", "logentry"], "codename": "view_logentry"}}, {"model": "auth.permission", "fields": {"name": "Can add permission", "content_type": ["auth", "permission"], "codename": "add_permission"}}, {"model": "auth.permission", "fields": {"name": "Can change permission", "content_type": ["auth", "permission"], "codename": "change_permission"}}, {"model": "auth.permission", "fields": {"name": "Can delete permission", "content_type": ["auth", "permission"], "codename": "delete_permission"}}, {"model": "auth.permission", "fields": {"name": "Can view permission", "content_type": ["auth", "permission"], "codename": "view_permission"}}, {"model": "auth.permission", "fields": {"name": "Can add group", "content_type": ["auth", "group"], "codename": "add_group"}}, {"model": "auth.permission", "fields": {"name": "Can change group", "content_type": ["auth", "group"], "codename": "change_group"}}, {"model": "auth.permission", "fields": {"name": "Can delete group", "content_type": ["auth", "group"], "codename": "delete_group"}}, {"model": "auth.permission", "fields": {"name": "Can view group", "content_type": ["auth", "group"], "codename": "view_group"}}, {"model": "auth.permission", "fields": {"name": "Can add content type", "content_type": ["contenttypes", "contenttype"], "codename": "add_contenttype"}}, {"model": "auth.permission", "fields": {"name": "Can change content type", "content_type": ["contenttypes", "contenttype"], "codename": "change_contenttype"}}, {"model": "auth.permission", "fields": {"name": "Can delete content type", "content_type": ["contenttypes", "contenttype"], "codename": "delete_contenttype"}}, {"model": "auth.permission", "fields": {"name": "Can view content type", "content_type": ["contenttypes", "contenttype"], "codename": "view_contenttype"}}, {"model": "auth.permission", "fields": {"name": "Can add session", "content_type": ["sessions", "session"], "codename": "add_session"}}, {"model": "auth.permission", "fields": {"name": "Can change session", "content_type": ["sessions", "session"], "codename": "change_session"}}, {"model": "auth.permission", "fields": {"name": "Can delete session", "content_type": ["sessions", "session"], "codename": "delete_session"}}, {"model": "auth.permission", "fields": {"name": "Can view session", "content_type": ["sessions", "session"], "codename": "view_session"}}, {"model": "auth.permission", "fields": {"name": "Can add division", "content_type": ["home", "division"], "codename": "add_division"}}, {"model": "auth.permission", "fields": {"name": "Can change division", "content_type": ["home", "division"], "codename": "change_division"}}, {"model": "auth.permission", "fields": {"name": "Can delete division", "content_type": ["home", "division"], "codename": "delete_division"}}, {"model": "auth.permission", "fields": {"name": "Can view division", "content_type": ["home", "division"], "codename": "view_division"}}, {"model": "auth.permission", "fields": {"name": "Can add district", "content_type": ["home", "district"], "codename": "add_district"}}, {"model": "auth.permission", "fields": {"name": "Can change district", "content_type": ["home", "district"], "codename": "change_district"}}, {"model": "auth.permission", "fields": {"name": "Can delete district", "content_type": ["home", "district"], "codename": "delete_district"}}, {"model": "auth.permission", "fields": {"name": "Can view district", "content_type": ["home", "district"], "codename": "view_district"}}, {"model": "auth.permission", "fields": {"name": "Can add upazila", "content_type": ["home", "upazila"], "codename": "add_upazila"}}, {"model": "auth.permission", "fields": {"name": "Can change upazila", "content_type": ["home", "upazila"], "codename": "change_upazila"}}, {"model": "auth.permission", "fields": {"name": "Can delete upazila", "content_type": ["home", "upazila"], "codename": "delete_upazila"}}, {"model": "auth.permission", "fields": {"name": "Can view upazila", "content_type": ["home", "upazila"], "codename": "view_upazila"}}, {"model": "auth.permission", "fields": {"name": "Can add union", "content_type": ["home", "union"], "codename": "add_union"}}, {"model": "auth.permission", "fields": {"name": "Can change union", "content_type": ["home", "union"], "codename": "change_union"}}, {"model": "auth.permission", "fields": {"name": "Can delete union", "content_type": ["home", "union"], "codename": "delete_union"}}, {"model": "auth.permission", "fields": {"name": "Can view union", "content_type": ["home", "union"], "codename": "view_union"}}, {"model": "auth.permission", "fields": {"name": "Can add ward", "content_type": ["home", "ward"], "codename": "add_ward"}}, {"model": "auth.permission", "fields": {"name": "Can change ward", "content_type": ["home", "ward"], "codename": "change_ward"}}, {"model": "auth.permission", "fields": {"name": "Can delete ward", "content_type": ["home", "ward"], "codename": "delete_ward"}}, {"model": "auth.permission", "fields": {"name": "Can view ward", "content_type": ["home", "ward"], "codename": "view_ward"}}, {"model": "auth.permission", "fields": {"name": "Can add housh", "content_type": ["home", "housh"], "codename": "add_housh"}}, {"model": "auth.permission", "fields": {"name": "Can change housh", "content_type": ["home", "housh"], "codename": "change_housh"}}, {"model": "auth.permission", "fields": {"name": "Can delete housh", "content_type": ["home", "housh"], "codename": "delete_housh"}}, {"model": "auth.permission", "fields": {"name": "Can view housh", "content_type": ["home", "housh"], "codename": "view_housh"}}, {"model": "auth.permission", "fields": {"name": "Can add user", "content_type": ["home", "customuser"], "codename": "add_customuser"}}, {"model": "auth.permission", "fields": {"name": "Can change user", "content_type": ["home", "customuser"], "codename": "change_customuser"}}, {"model": "auth.permission", "fields": {"name": "Can delete user", "content_type": ["home", "customuser"], "codename": "delete_customuser"}}, {"model": "auth.permission", "fields": {"name": "Can view user", "content_type": ["home", "customuser"], "codename": "view_customuser"}}, {"model": "auth.permission", "fields": {"name": "Can add a user", "content_type": ["home", "customuser"], "codename": "can_add_user"}}, {"model": "auth.permission", "fields": {"name": "Can remove a user", "content_type": ["home", "customuser"], "codename": "can_remove_user"}}, {"model": "home.customuser", "fields": {"password": "pbkdf2_sha256$870000$KFGzpWDdAByG4dzA4yXTC3$4o3lR//m0qoyqBQ7Ums1ewMPrcRE2Qzh6F9S5VVbhak=", "last_login": "2025-03-17T15:18:39.315Z", "is_superuser": false, "first_name": "", "last_name": "", "is_staff": false, "is_active": true, "date_joined": "2025-01-04T11:55:26.020Z", "email": "200118.cse@student.just.edu.bd", "name": "Azazul Islam", "user_type": "DivisionalCommissioner", "division": 1, "district": null, "upazila": null, "union": null, "ward": null, "groups": [], "user_permissions": [["can_add_user", "home", "customuser"], ["can_remove_user", "home", "customuser"]]}}, {"model": "home.customuser", "fields": {"password": "pbkdf2_sha256$870000$MCt1wupoQsZLPkl6zEElzw$YSTH0IGN3/ujQdqV6R8yXAtlTz/UWn8RqGxaJLDZYDM=", "last_login": "2025-03-09T13:40:48.218Z", "is_superuser": false, "first_name": "", "last_name": "", "is_staff": false, "is_active": true, "date_joined": "2025-01-04T15:05:55.847Z", "email": "tahmidmuntaser80@gmail.com", "name": "Tahmid Muntaser", "user_type": "DeputyCommissioner", "division": null, "district": 1, "upazila": null, "union": null, "ward": null, "groups": [], "user_permissions": [["can_add_user", "home", "customuser"], ["can_remove_user", "home", "customuser"]]}}, {"model": "home.customuser", "fields": {"password": "pbkdf2_sha256$870000$XNF506Dpcq5WKseVNh0co0$faVYQK7GjzqjAEm8ZMZfFP4UxAu4zEcKaPHuz85f0lo=", "last_login": "2025-02-03T09:16:03.032Z", "is_superuser": false, "first_name": "", "last_name": "", "is_staff": false, "is_active": true, "date_joined": "2025-01-04T15:11:55.103Z", "email": "200152.cse@student.just.edu.bd", "name": "Takbir Hasan", "user_type": "UNO", "division": null, "district": null, "upazila": 1, "union": null, "ward": null, "groups": [], "user_permissions": [["can_add_user", "home", "customuser"], ["can_remove_user", "home", "customuser"]]}}, {"model": "home.customuser", "fields": {"password": "pbkdf2_sha256$870000$EZjWJTDwgKVNxUxb6FCRnC$odCn7zE/j0c4f6YQj89prA5EyRkxcx+GVZXfoERxx+g=", "last_login": "2025-03-17T15:11:06.374Z", "is_superuser": false, "first_name": "", "last_name": "", "is_staff": false, "is_active": true, "date_joined": "2025-01-04T15:20:51.317Z", "email": "200149.cse@student.just.edu.bd", "name": "Ariful Islam", "user_type": "UnionChairman", "division": null, "district": null, "upazila": null, "union": 1, "ward": null, "groups": [], "user_permissions": [["can_add_user", "home", "customuser"], ["can_remove_user", "home", "customuser"]]}}, {"model": "home.customuser", "fields": {"password": "pbkdf2_sha256$870000$GcNkWlySgYZ9EoKikMKu7p$O3OEXP7WxnI8IiazjjYsctVxkjTsjuH6K4DiA1KDvio=", "last_login": "2025-03-17T15:10:36.762Z", "is_superuser": false, "first_name": "", "last_name": "", "is_staff": false, "is_active": true, "date_joined": "2025-01-04T15:46:51.799Z", "email": "200111.cse@student.just.edu.bd", "name": "Tahmid Muntaser", "user_type": "WardMember", "division": null, "district": null, "upazila": null, "union": null, "ward": 2, "groups": [], "user_permissions": [["can_add_user", "home", "customuser"], ["can_remove_user", "home", "customuser"]]}}, {"model": "home.customuser", "fields": {"password": "pbkdf2_sha256$870000$ZYZQxBgTazQqvYZ3jLt0oj$0wcxoZ0kQhpZQDb9jk7udEMR/JhblVKdsK0jf1o+c5o=", "last_login": "2025-03-17T15:36:58.470Z", "is_superuser": true, "first_name": "", "last_name": "", "is_staff": true, "is_active": true, "date_joined": "2025-01-05T05:57:30.973Z", "email": "islamazazul72@gmail.com", "name": "", "user_type": "Admin", "division": null, "district": null, "upazila": null, "union": null, "ward": null, "groups": [], "user_permissions": [["can_add_user", "home", "customuser"], ["can_remove_user", "home", "customuser"]]}}, {"model": "home.customuser", "fields": {"password": "pbkdf2_sha256$870000$ctyQohy1B0jHgx6Rw9vTrT$tl4h055nVjRIjkjKTK8xbMb28jw1i6cFQ3GsS/YqNls=", "last_login": "2025-01-05T10:15:46.327Z", "is_superuser": false, "first_name": "", "last_name": "", "is_staff": false, "is_active": true, "date_joined": "2025-01-05T10:14:31.912Z", "email": "xyz@gmail.com", "name": "xyz", "user_type": "Public", "division": null, "district": null, "upazila": null, "union": null, "ward": null, "groups": [], "user_permissions": []}}, {"model": "home.customuser", "fields": {"password": "pbkdf2_sha256$870000$nAGQGqMaUfhKrwQzTSZBe9$5AAzXe3w/+CZo2I4zcAKAIjewZOxGHFnKhhoRTyY4PM=", "last_login": "2025-01-05T10:17:59.846Z", "is_superuser": false, "first_name": "", "last_name": "", "is_staff": false, "is_active": true, "date_joined": "2025-01-05T10:16:54.616Z", "email": "abc@gmail.com", "name": "abc", "user_type": "DeputyCommissioner", "division": null, "district": 2, "upazila": null, "union": null, "ward": null, "groups": [], "user_permissions": [["can_add_user", "home", "customuser"], ["can_remove_user", "home", "customuser"]]}}, {"model": "home.customuser", "fields": {"password": "pbkdf2_sha256$870000$m7cctl8x3G4cGJ2d0MBw68$Hx3q0+jAjTkzDa1YyRuNNf3JdXyW/qN6MbT9+EV/ZJY=", "last_login": "2025-03-17T15:29:55.591Z", "is_superuser": false, "first_name": "", "last_name": "", "is_staff": false, "is_active": true, "date_joined": "2025-01-05T10:25:04Z", "email": "200102.cse@student.just.edu.bd", "name": "Rafid Ahmed", "user_type": "DivisionalCommissioner", "division": 2, "district": null, "upazila": null, "union": null, "ward": null, "groups": [], "user_permissions": [["can_add_user", "home", "customuser"], ["can_remove_user", "home", "customuser"]]}}, {"model": "home.customuser", "fields": {"password": "pbkdf2_sha256$870000$jAkFZjA5NLfMyfwnX8tCrC$lRZJIaCqQ2Mv9tVpSkVXgh0CxgVQQFoDv+V2a1CA2FM=", "last_login": "2025-02-09T11:49:51.984Z", "is_superuser": false, "first_name": "", "last_name": "", "is_staff": false, "is_active": true, "date_joined": "2025-01-05T10:45:47.119Z", "email": "Kuddus@gmail.com", "name": "Kuddus", "user_type": "DeputyCommissioner", "division": null, "district": 4, "upazila": null, "union": null, "ward": null, "groups": [], "user_permissions": [["can_add_user", "home", "customuser"], ["can_remove_user", "home", "customuser"]]}}, {"model": "home.customuser", "fields": {"password": "pbkdf2_sha256$870000$EhIVNmK6nemFCS4tFKscT1$YOOLyMv8vPxJ51x7B/E/IPo4qt9NxqcYPH/zCjeX834=", "last_login": null, "is_superuser": false, "first_name": "", "last_name": "", "is_staff": false, "is_active": true, "date_joined": "2025-01-05T10:48:45.246Z", "email": "Takbir2@gmail.com", "name": "Takbir2", "user_type": "UNO", "division": null, "district": null, "upazila": 3, "union": null, "ward": null, "groups": [], "user_permissions": [["can_add_user", "home", "customuser"], ["can_remove_user", "home", "customuser"]]}}, {"model": "home.customuser", "fields": {"password": "pbkdf2_sha256$870000$IzYwmTM5boD5pFX5OsYhgZ$MK1T2UjTeOUG/qvoeacEvKHbRgfLOu6UYxrVpKnsIBI=", "last_login": "2025-02-09T11:53:03.500Z", "is_superuser": false, "first_name": "", "last_name": "", "is_staff": false, "is_active": true, "date_joined": "2025-02-09T11:50:28.900Z", "email": "Sabar@gmail.com", "name": "Sabar Ahmed", "user_type": "UNO", "division": null, "district": null, "upazila": 10, "union": null, "ward": null, "groups": [], "user_permissions": [["can_add_user", "home", "customuser"], ["can_remove_user", "home", "customuser"]]}}, {"model": "home.customuser", "fields": {"password": "pbkdf2_sha256$870000$6XuTRAGgtBCDSMro4e9SZw$2qokId59ZmXqKrNHEAa6ikeUWkiUYGUqEDIFydKGYIc=", "last_login": "2025-02-09T11:54:46.131Z", "is_superuser": false, "first_name": "", "last_name": "", "is_staff": false, "is_active": true, "date_joined": "2025-02-09T11:53:41.121Z", "email": "sabarchairman@gmail.com", "name": "Sabar Chairman", "user_type": "UnionChairman", "division": null, "district": null, "upazila": null, "union": 4, "ward": null, "groups": [], "user_permissions": [["can_add_user", "home", "customuser"], ["can_remove_user", "home", "customuser"]]}}, {"model": "home.customuser", "fields": {"password": "pbkdf2_sha256$870000$W4bNd1OM8oSiYt8r69HQb8$Hl7/JJxBMoIvO/Ada5ld4Y1RLVHZ7xKw4KYj/WxRDOQ=", "last_login": "2025-03-17T15:38:39.861Z", "is_superuser": false, "first_name": "", "last_name": "", "is_staff": false, "is_active": true, "date_joined": "2025-02-09T11:55:14.550Z", "email": "sabarward@gmail.com", "name": "Sabar WardMember", "user_type": "WardMember", "division": null, "district": null, "upazila": null, "union": null, "ward": 7, "groups": [], "user_permissions": [["can_add_user", "home", "customuser"], ["can_remove_user", "home", "customuser"]]}}, {"model": "home.customuser", "fields": {"password": "pbkdf2_sha256$1000000$ZCRvHagO5XzCk5GD32xKeQ$EtPJukPOS7VzS3Nt0aXF/nVWu/LZvUV0OXOUeNoc1Gk=", "last_login": "2025-10-15T17:59:18.366Z", "is_superuser": true, "first_name": "", "last_name": "", "is_staff": true, "is_active": true, "date_joined": "2025-10-15T17:46:18.034Z", "email": "tahmid25muntaser@gmail.com", "name": "", "user_type": "Admin", "division": null, "district": null, "upazila": null, "union": null, "ward": null, "groups": [], "user_permissions": [["can_add_user", "home", "customuser"], ["can_remove_user", "home", "customuser"]]}}, {"model": "admin.logentry", "pk": 35, "fields": {"action_time": "2025-01-05T06:02:27.050Z", "user": ["islamazazul72@gmail.com"], "content_type": ["home", "customuser"], "object_id": "22", "object_repr": "Hello (Public)", "action_flag": 3, "change_message": ""}}, {"model": "admin.logentry", "pk": 36, "fields": {"action_time": "2025-01-05T10:40:59.884Z", "user": ["islamazazul72@gmail.com"], "content_type": ["home", "customuser"], "object_id": "25", "object_repr": "Rafid Ahmed (DivisionalCommissioner)", "action_flag": 2, "change_message": "[{\"changed\": {\"fields\": [\"District\"]}}]"}}, {"model": "admin.logentry", "pk": 37, "fields": {"action_time": "2025-01-05T10:41:13.990Z", "user": ["islamazazul72@gmail.com"], "content_type": ["home", "customuser"], "object_id": "25", "object_repr": "Rafid Ahmed (DivisionalCommissioner)", "action_flag": 2, "change_message": "[{\"changed\": {\"fields\": [\"District\"]}}]"}}, {"model": "admin.logentry", "pk": 38, "fields": {"action_time": "2025-01-06T06:58:04.956Z", "user": ["islamazazul72@gmail.com"], "content_type": ["home", "ward"], "object_id": "4", "object_repr": "1no", "action_flag": 1, "change_message": "[{\"added\": {}}]"}}, {"model": "admin.logentry", "pk": 39, "fields": {"action_time": "2025-01-06T06:58:26.618Z", "user": ["islamazazul72@gmail.com"], "content_type": ["home", "ward"], "object_id": "5", "object_repr": "2no", "action_flag": 1, "change_message": "[{\"added\": {}}]"}}, {"model": "admin.logentry", "pk": 40, "fields": {"action_time": "2025-01-06T06:58:33.689Z", "user": ["islamazazul72@gmail.com"], "content_type": ["home", "ward"], "object_id": "6", "object_repr": "3no", "action_flag": 1, "change_message": "[{\"added\": {}}]"}}, {"model": "admin.logentry", "pk": 41, "fields": {"action_time": "2025-02-03T05:10:51.808Z", "user": ["islamazazul72@gmail.com"], "content_type": ["home", "housh"], "object_id": "7", "object_repr": "Housh object (7)", "action_flag": 3, "change_message": ""}}, {"model": "admin.logentry", "pk": 42, "fields": {"action_time": "2025-02-03T05:10:51.808Z", "user": ["islamazazul72@gmail.com"], "content_type": ["home", "housh"], "object_id": "6", "object_repr": "Housh object (6)", "action_flag": 3, "change_message": ""}}, {"model": "admin.logentry", "pk": 43, "fields": {"action_time": "2025-02-03T05:10:51.808Z", "user": ["islamazazul72@gmail.com"], "content_type": ["home", "housh"], "object_id": "5", "object_repr": "Housh object (5)", "action_flag": 3, "change_message": ""}}, {"model": "admin.logentry", "pk": 44, "fields": {"action_time": "2025-02-09T11:37:50.599Z", "user": ["islamazazul72@gmail.com"], "content_type": ["home", "customuser"], "object_id": "26", "object_repr": "Kuddus (DeputyCommissioner)", "action_flag": 2, "change_message": "[{\"changed\": {\"fields\": [\"password\"]}}]"}}, {"model": "admin.logentry", "pk": 45, "fields": {"action_time": "2025-02-09T11:47:29.343Z", "user": ["islamazazul72@gmail.com"], "content_type": ["home", "upazila"], "object_id": "10", "object_repr": "Sabar", "action_flag": 1, "change_message": "[{\"added\": {}}]"}}, {"model": "admin.logentry", "pk": 46, "fields": {"action_time": "2025-02-09T11:47:46.087Z", "user": ["islamazazul72@gmail.com"], "content_type": ["home", "upazila"], "object_id": "11", "object_repr": "Dhamray", "action_flag": 1, "change_message": "[{\"added\": {}}]"}}, {"model": "admin.logentry", "pk": 47, "fields": {"action_time": "2025-02-09T11:48:32.651Z", "user": ["islamazazul72@gmail.com"], "content_type": ["home", "union"], "object_id": "4", "object_repr": "Sabar", "action_flag": 1, "change_message": "[{\"added\": {}}]"}}, {"model": "admin.logentry", "pk": 48, "fields": {"action_time": "2025-02-09T11:48:45.970Z", "user": ["islamazazul72@gmail.com"], "content_type": ["home", "union"], "object_id": "5", "object_repr": "Biruliya", "action_flag": 1, "change_message": "[{\"added\": {}}]"}}, {"model": "admin.logentry", "pk": 49, "fields": {"action_time": "2025-02-09T11:49:27.342Z", "user": ["islamazazul72@gmail.com"], "content_type": ["home", "ward"], "object_id": "7", "object_repr": "1no", "action_flag": 1, "change_message": "[{\"added\": {}}]"}}, {"model": "admin.logentry", "pk": 50, "fields": {"action_time": "2025-02-09T11:49:40.803Z", "user": ["islamazazul72@gmail.com"], "content_type": ["home", "ward"], "object_id": "8", "object_repr": "2no", "action_flag": 1, "change_message": "[{\"added\": {}}]"}}, {"model": "admin.logentry", "pk": 51, "fields": {"action_time": "2025-02-09T11:51:41.726Z", "user": ["islamazazul72@gmail.com"], "content_type": ["home", "customuser"], "object_id": "28", "object_repr": "Sabar Ahmed (UNO)", "action_flag": 2, "change_message": "[{\"changed\": {\"fields\": [\"password\"]}}]"}}, {"model": "admin.logentry", "pk": 52, "fields": {"action_time": "2025-02-09T11:54:30.716Z", "user": ["islamazazul72@gmail.com"], "content_type": ["home", "customuser"], "object_id": "29", "object_repr": "Sabar Chairman (UnionChairman)", "action_flag": 2, "change_message": "[{\"changed\": {\"fields\": [\"password\"]}}]"}}, {"model": "admin.logentry", "pk": 53, "fields": {"action_time": "2025-02-09T11:55:56.626Z", "user": ["islamazazul72@gmail.com"], "content_type": ["home", "customuser"], "object_id": "30", "object_repr": "Sabar WardMember (WardMember)", "action_flag": 2, "change_message": "[{\"changed\": {\"fields\": [\"password\"]}}]"}}, {"model": "admin.logentry", "pk": 54, "fields": {"action_time": "2025-03-15T18:50:52.332Z", "user": ["islamazazul72@gmail.com"], "content_type": ["home", "ward"], "object_id": "7", "object_repr": "1no", "action_flag": 2, "change_message": "[{\"changed\": {\"fields\": [\"Dry food supply\", \"Primary food supply\"]}}]"}}, {"model": "admin.logentry", "pk": 55, "fields": {"action_time": "2025-03-16T14:09:50.056Z", "user": ["islamazazul72@gmail.com"], "content_type": ["home", "ward"], "object_id": "7", "object_repr": "1no", "action_flag": 2, "change_message": "[{\"changed\": {\"fields\": [\"Dry food supply\", \"Primary food supply\"]}}]"}}, {"model": "admin.logentry", "pk": 56, "fields": {"action_time": "2025-03-17T15:38:05.203Z", "user": ["islamazazul72@gmail.com"], "content_type": ["home", "customuser"], "object_id": "30", "object_repr": "Sabar WardMember (WardMember)", "action_flag": 2, "change_message": "[{\"changed\": {\"fields\": [\"password\"]}}]"}}]